纬度：4047.533,经度：11141.856,日期：17年05月10日,时间：01时32分38秒,海拔：1108米
,纬度：4047.532,经度：11141.852,日期：17年05月10日,时间：01时32分39秒,海拔：1106米
,纬度：4047.532,经度：11141.852,日期：17年05月10日,时间：01时32分39秒,海拔：1106米
,纬度：4047.557,经度：11141.837,日期：17年05月10日,时间：01时32分41秒,海拔：1181米
,纬度：4047.563,经度：11141.830,日期：17年05月10日,时间：01时32分42秒,海拔：1199米
,纬度：4047.561,经度：11141.826,日期：17年05月10日,时间：01时32分43秒,海拔：1195米
,纬度：4047.560,经度：11141.821,日期：17年05月10日,时间：01时32分44秒,海拔：1194米
,纬度：4047.559,经度：11141.815,日期：17年05月10日,时间：01时32分45秒,海拔：1192米
,纬度：4047.560,经度：11141.810,日期：17年05月10日,时间：01时32分46秒,海拔：1194米
,纬度：4047.558,经度：11141.806,日期：17年05月10日,时间：01时32分47秒,海拔：1195米
,纬度：4047.558,经度：11141.800,日期：17年05月10日,时间：01时32分48秒,海拔：1196米
,纬度：4047.555,经度：11141.796,日期：17年05月10日,时间：01时32分49秒,海拔：1184米
,纬度：4047.551,经度：11141.791,日期：17年05月10日,时间：01时32分50秒,海拔：1174米
,纬度：4047.549,经度：11141.787,日期：17年05月10日,时间：01时32分51秒,海拔：1167米
,纬度：4047.547,经度：11141.783,日期：17年05月10日,时间：01时32分52秒,海拔：1162米
,纬度：4047.548,经度：11141.779,日期：17年05月10日,时间：01时32分53秒,海拔：1159米
,纬度：4047.547,经度：11141.776,日期：17年05月10日,时间：01时32分54秒,海拔：1151米
,纬度：4047.547,经度：11141.771,日期：17年05月10日,时间：01时32分55秒,海拔：1147米
,纬度：4047.549,经度：11141.769,日期：17年05月10日,时间：01时32分56秒,海拔：1147米
,纬度：4047.552,经度：11141.767,日期：17年05月10日,时间：01时32分57秒,海拔：1147米
,纬度：4047.556,经度：11141.766,日期：17年05月10日,时间：01时32分58秒,海拔：1146米
,纬度：4047.560,经度：11141.764,日期：17年05月10日,时间：01时32分59秒,海拔：1145米
,纬度：4047.565,经度：11141.762,日期：17年05月10日,时间：01时33分00秒,海拔：1144米
,纬度：4047.571,经度：11141.759,日期：17年05月10日,时间：01时33分01秒,海拔：1144米
,纬度：4047.577,经度：11141.757,日期：17年05月10日,时间：01时33分02秒,海拔：1143米
,纬度：4047.583,经度：11141.754,日期：17年05月10日,时间：01时33分03秒,海拔：1142米
,纬度：4047.589,经度：11141.751,日期：17年05月10日,时间：01时33分04秒,海拔：1142米
,纬度：4047.595,经度：11141.748,日期：17年05月10日,时间：01时33分05秒,海拔：1142米
,纬度：4047.601,经度：11141.746,日期：17年05月10日,时间：01时33分06秒,海拔：1142米
,纬度：4047.607,经度：11141.743,日期：17年05月10日,时间：01时33分07秒,海拔：1142米
,纬度：4047.613,经度：11141.741,日期：17年05月10日,时间：01时33分08秒,海拔：1141米
,纬度：4047.618,经度：11141.738,日期：17年05月10日,时间：01时33分09秒,海拔：1142米
,纬度：4047.623,经度：11141.737,日期：17年05月10日,时间：01时33分10秒,海拔：1141米
,纬度：4047.627,经度：11141.735,日期：17年05月10日,时间：01时33分11秒,海拔：1140米
,纬度：4047.631,经度：11141.734,日期：17年05月10日,时间：01时33分12秒,海拔：1140米
,纬度：4047.634,经度：11141.733,日期：17年05月10日,时间：01时33分13秒,海拔：1139米
,纬度：4047.637,经度：11141.732,日期：17年05月10日,时间：01时33分14秒,海拔：1139米
,纬度：4047.639,经度：11141.731,日期：17年05月10日,时间：01时33分15秒,海拔：1139米
,纬度：4047.641,经度：11141.730,日期：17年05月10日,时间：01时33分16秒,海拔：1140米
,纬度：4047.643,经度：11141.730,日期：17年05月10日,时间：01时33分17秒,海拔：1139米
,纬度：4047.645,经度：11141.729,日期：17年05月10日,时间：01时33分18秒,海拔：1139米
,纬度：4047.646,经度：11141.728,日期：17年05月10日,时间：01时33分19秒,海拔：1138米
,纬度：4047.647,经度：11141.728,日期：17年05月10日,时间：01时33分20秒,海拔：1137米
,纬度：4047.648,经度：11141.727,日期：17年05月10日,时间：01时33分21秒,海拔：1137米
,纬度：4047.648,经度：11141.727,日期：17年05月10日,时间：01时33分22秒,海拔：1136米
,纬度：4047.648,经度：11141.727,日期：17年05月10日,时间：01时33分23秒,海拔：1135米
,纬度：4047.648,经度：11141.727,日期：17年05月10日,时间：01时33分24秒,海拔：1135米
,纬度：4047.617,经度：11141.721,日期：17年05月10日,时间：01时33分25秒,海拔：1132米
,纬度：4047.617,经度：11141.720,日期：17年05月10日,时间：01时33分26秒,海拔：1128米
,纬度：4047.617,经度：11141.721,日期：17年05月10日,时间：01时33分27秒,海拔：1122米
,纬度：4047.618,经度：11141.722,日期：17年05月10日,时间：01时33分28秒,海拔：1119米
,纬度：4047.618,经度：11141.722,日期：17年05月10日,时间：01时33分29秒,海拔：1115米
,纬度：4047.618,经度：11141.723,日期：17年05月10日,时间：01时33分30秒,海拔：1113米
,纬度：4047.617,经度：11141.726,日期：17年05月10日,时间：01时33分31秒,海拔：1101米
,纬度：4047.616,经度：11141.728,日期：17年05月10日,时间：01时33分32秒,海拔：1092米
,纬度：4047.617,经度：11141.734,日期：17年05月10日,时间：01时33分33秒,海拔：1071米
,纬度：4047.617,经度：11141.736,日期：17年05月10日,时间：01时33分34秒,海拔：1063米
,纬度：4047.617,经度：11141.736,日期：17年05月10日,时间：01时33分35秒,海拔：1062米
,纬度：4047.618,经度：11141.736,日期：17年05月10日,时间：01时33分36秒,海拔：1061米
,纬度：4047.618,经度：11141.736,日期：17年05月10日,时间：01时33分37秒,海拔：1060米
,纬度：4047.619,经度：11141.735,日期：17年05月10日,时间：01时33分38秒,海拔：1060米
,纬度：4047.620,经度：11141.735,日期：17年05月10日,时间：01时33分39秒,海拔：1059米
,纬度：4047.620,经度：11141.735,日期：17年05月10日,时间：01时33分40秒,海拔：1058米
,纬度：4047.621,经度：11141.735,日期：17年05月10日,时间：01时33分41秒,海拔：1058米
,纬度：4047.621,经度：11141.735,日期：17年05月10日,时间：01时33分42秒,海拔：1058米
,纬度：4047.621,经度：11141.735,日期：17年05月10日,时间：01时33分43秒,海拔：1058米
,纬度：4047.621,经度：11141.735,日期：17年05月10日,时间：01时33分44秒,海拔：1058米
,纬度：4047.621,经度：11141.735,日期：17年05月10日,时间：01时33分45秒,海拔：1058米
,纬度：4047.621,经度：11141.735,日期：17年05月10日,时间：01时33分46秒,海拔：1058米
,纬度：4047.621,经度：11141.735,日期：17年05月10日,时间：01时33分47秒,海拔：1058米
,纬度：4047.621,经度：11141.735,日期：17年05月10日,时间：01时33分48秒,海拔：1058米
,纬度：4047.621,经度：11141.735,日期：17年05月10日,时间：01时33分49秒,海拔：1058米
,纬度：4047.621,经度：11141.735,日期：17年05月10日,时间：01时33分50秒,海拔：1058米
,纬度：4047.621,经度：11141.735,日期：17年05月10日,时间：01时33分51秒,海拔：1058米
,纬度：4047.621,经度：11141.735,日期：17年05月10日,时间：01时33分52秒,海拔：1058米
,纬度：4047.621,经度：11141.735,日期：17年05月10日,时间：01时33分53秒,海拔：1058米
,纬度：4047.621,经度：11141.735,日期：17年05月10日,时间：01时33分54秒,海拔：1058米
,纬度：4047.621,经度：11141.735,日期：17年05月10日,时间：01时33分55秒,海拔：1058米
,纬度：4047.621,经度：11141.735,日期：17年05月10日,时间：01时33分56秒,海拔：1058米
,纬度：4047.621,经度：11141.735,日期：17年05月10日,时间：01时33分57秒,海拔：1058米
,纬度：4047.621,经度：11141.735,日期：17年05月10日,时间：01时33分58秒,海拔：1058米
,纬度：4047.621,经度：11141.735,日期：17年05月10日,时间：01时33分59秒,海拔：1058米
,纬度：4047.621,经度：11141.735,日期：17年05月10日,时间：01时34分00秒,海拔：1058米
,纬度：4047.621,经度：11141.735,日期：17年05月10日,时间：01时34分01秒,海拔：1058米
,纬度：4047.621,经度：11141.735,日期：17年05月10日,时间：01时34分02秒,海拔：1058米
,纬度：4047.621,经度：11141.735,日期：17年05月10日,时间：01时34分03秒,海拔：1058米
,纬度：4047.621,经度：11141.735,日期：17年05月10日,时间：01时34分04秒,海拔：1058米
,纬度：4047.621,经度：11141.735,日期：17年05月10日,时间：01时34分05秒,海拔：1058米
,纬度：4047.621,经度：11141.735,日期：17年05月10日,时间：01时34分06秒,海拔：1058米
,纬度：4047.621,经度：11141.735,日期：17年05月10日,时间：01时34分07秒,海拔：1058米
,纬度：4047.621,经度：11141.735,日期：17年05月10日,时间：01时34分08秒,海拔：1058米
,纬度：4047.622,经度：11141.734,日期：17年05月10日,时间：01时34分09秒,海拔：1058米
,纬度：4047.622,经度：11141.734,日期：17年05月10日,时间：01时34分10秒,海拔：1058米
,纬度：4047.623,经度：11141.734,日期：17年05月10日,时间：01时34分11秒,海拔：1058米
,纬度：4047.623,经度：11141.734,日期：17年05月10日,时间：01时34分12秒,海拔：1058米
,纬度：4047.623,经度：11141.734,日期：17年05月10日,时间：01时34分13秒,海拔：1058米
,纬度：4047.624,经度：11141.734,日期：17年05月10日,时间：01时34分14秒,海拔：1058米
,纬度：4047.624,经度：11141.733,日期：17年05月10日,时间：01时34分15秒,海拔：1058米
,纬度：4047.626,经度：11141.733,日期：17年05月10日,时间：01时34分16秒,海拔：1058米
,纬度：4047.626,经度：11141.733,日期：17年05月10日,时间：01时34分17秒,海拔：1058米
,纬度：4047.627,经度：11141.733,日期：17年05月10日,时间：01时34分18秒,海拔：1058米
,纬度：4047.627,经度：11141.733,日期：17年05月10日,时间：01时34分19秒,海拔：1058米
,纬度：4047.627,经度：11141.733,日期：17年05月10日,时间：01时34分20秒,海拔：1058米
,纬度：4047.627,经度：11141.733,日期：17年05月10日,时间：01时34分21秒,海拔：1058米
,纬度：4047.627,经度：11141.733,日期：17年05月10日,时间：01时34分22秒,海拔：1058米
,纬度：4047.627,经度：11141.733,日期：17年05月10日,时间：01时34分23秒,海拔：1058米
,纬度：4047.627,经度：11141.733,日期：17年05月10日,时间：01时34分24秒,海拔：1058米
,纬度：4047.627,经度：11141.733,日期：17年05月10日,时间：01时34分25秒,海拔：1058米
,纬度：4047.627,经度：11141.733,日期：17年05月10日,时间：01时34分26秒,海拔：1058米
,纬度：4047.627,经度：11141.733,日期：17年05月10日,时间：01时34分27秒,海拔：1058米
,纬度：4047.627,经度：11141.733,日期：17年05月10日,时间：01时34分28秒,海拔：1058米
,纬度：4047.627,经度：11141.733,日期：17年05月10日,时间：01时34分29秒,海拔：1058米
,纬度：4047.627,经度：11141.733,日期：17年05月10日,时间：01时34分30秒,海拔：1058米
,纬度：4047.627,经度：11141.733,日期：17年05月10日,时间：01时34分31秒,海拔：1058米
,纬度：4047.627,经度：11141.733,日期：17年05月10日,时间：01时34分32秒,海拔：1058米
,纬度：4047.627,经度：11141.733,日期：17年05月10日,时间：01时34分33秒,海拔：1058米
,纬度：4047.627,经度：11141.733,日期：17年05月10日,时间：01时34分34秒,海拔：1058米
,纬度：4047.627,经度：11141.733,日期：17年05月10日,时间：01时34分35秒,海拔：1058米
,纬度：4047.627,经度：11141.733,日期：17年05月10日,时间：01时34分36秒,海拔：1058米
,纬度：4047.627,经度：11141.733,日期：17年05月10日,时间：01时34分37秒,海拔：1058米
,纬度：4047.627,经度：11141.733,日期：17年05月10日,时间：01时34分38秒,海拔：1058米
,纬度：4047.627,经度：11141.733,日期：17年05月10日,时间：01时34分39秒,海拔：1058米
,纬度：4047.627,经度：11141.733,日期：17年05月10日,时间：01时34分40秒,海拔：1058米
,纬度：4047.627,经度：11141.733,日期：17年05月10日,时间：01时34分41秒,海拔：1057米
,纬度：4047.627,经度：11141.733,日期：17年05月10日,时间：01时34分42秒,海拔：1057米
,纬度：4047.627,经度：11141.733,日期：17年05月10日,时间：01时34分43秒,海拔：1057米
,纬度：4047.628,经度：11141.732,日期：17年05月10日,时间：01时34分44秒,海拔：1058米
,纬度：4047.628,经度：11141.732,日期：17年05月10日,时间：01时34分45秒,海拔：1057米
,纬度：4047.628,经度：11141.732,日期：17年05月10日,时间：01时34分46秒,海拔：1057米
,纬度：4047.629,经度：11141.731,日期：17年05月10日,时间：01时34分47秒,海拔：1057米
,纬度：4047.630,经度：11141.731,日期：17年05月10日,时间：01时34分48秒,海拔：1057米
,纬度：4047.631,经度：11141.729,日期：17年05月10日,时间：01时34分49秒,海拔：1057米
,纬度：4047.633,经度：11141.729,日期：17年05月10日,时间：01时34分50秒,海拔：1057米
,纬度：4047.635,经度：11141.727,日期：17年05月10日,时间：01时34分51秒,海拔：1058米
,纬度：4047.637,经度：11141.726,日期：17年05月10日,时间：01时34分52秒,海拔：1058米
,纬度：4047.640,经度：11141.724,日期：17年05月10日,时间：01时34分53秒,海拔：1058米
,纬度：4047.642,经度：11141.722,日期：17年05月10日,时间：01时34分54秒,海拔：1058米
,纬度：4047.645,经度：11141.721,日期：17年05月10日,时间：01时34分55秒,海拔：1058米
,纬度：4047.647,经度：11141.720,日期：17年05月10日,时间：01时34分56秒,海拔：1058米
,纬度：4047.649,经度：11141.719,日期：17年05月10日,时间：01时34分57秒,海拔：1058米
,纬度：4047.651,经度：11141.718,日期：17年05月10日,时间：01时34分58秒,海拔：1058米
,纬度：4047.654,经度：11141.717,日期：17年05月10日,时间：01时34分59秒,海拔：1058米
,纬度：4047.657,经度：11141.716,日期：17年05月10日,时间：01时35分00秒,海拔：1058米
,纬度：4047.660,经度：11141.715,日期：17年05月10日,时间：01时35分01秒,海拔：1057米
,纬度：4047.664,经度：11141.714,日期：17年05月10日,时间：01时35分02秒,海拔：1057米
,纬度：4047.667,经度：11141.713,日期：17年05月10日,时间：01时35分03秒,海拔：1057米
,纬度：4047.670,经度：11141.711,日期：17年05月10日,时间：01时35分04秒,海拔：1058米
,纬度：4047.674,经度：11141.709,日期：17年05月10日,时间：01时35分05秒,海拔：1057米
,纬度：4047.677,经度：11141.708,日期：17年05月10日,时间：01时35分06秒,海拔：1057米
,纬度：4047.680,经度：11141.707,日期：17年05月10日,时间：01时35分07秒,海拔：1057米
,纬度：4047.683,经度：11141.705,日期：17年05月10日,时间：01时35分08秒,海拔：1057米
,纬度：4047.686,经度：11141.704,日期：17年05月10日,时间：01时35分09秒,海拔：1057米
,纬度：4047.688,经度：11141.704,日期：17年05月10日,时间：01时35分10秒,海拔：1058米
,纬度：4047.690,经度：11141.703,日期：17年05月10日,时间：01时35分11秒,海拔：1058米
,纬度：4047.693,经度：11141.702,日期：17年05月10日,时间：01时35分12秒,海拔：1057米
,纬度：4047.695,经度：11141.701,日期：17年05月10日,时间：01时35分13秒,海拔：1057米
,纬度：4047.697,经度：11141.701,日期：17年05月10日,时间：01时35分14秒,海拔：1057米
,纬度：4047.699,经度：11141.700,日期：17年05月10日,时间：01时35分15秒,海拔：1057米
,纬度：4047.700,经度：11141.700,日期：17年05月10日,时间：01时35分16秒,海拔：1056米
,纬度：4047.701,经度：11141.699,日期：17年05月10日,时间：01时35分17秒,海拔：1056米
,纬度：4047.702,经度：11141.700,日期：17年05月10日,时间：01时35分18秒,海拔：1056米
,纬度：4047.702,经度：11141.700,日期：17年05月10日,时间：01时35分19秒,海拔：1057米
,纬度：4047.703,经度：11141.701,日期：17年05月10日,时间：01时35分20秒,海拔：1057米
,纬度：4047.704,经度：11141.700,日期：17年05月10日,时间：01时35分21秒,海拔：1057米
,纬度：4047.706,经度：11141.700,日期：17年05月10日,时间：01时35分22秒,海拔：1057米
,纬度：4047.710,经度：11141.699,日期：17年05月10日,时间：01时35分23秒,海拔：1057米
,纬度：4047.713,经度：11141.698,日期：17年05月10日,时间：01时35分24秒,海拔：1057米
,纬度：4047.716,经度：11141.697,日期：17年05月10日,时间：01时35分25秒,海拔：1057米
,纬度：4047.718,经度：11141.696,日期：17年05月10日,时间：01时35分26秒,海拔：1057米
,纬度：4047.719,经度：11141.696,日期：17年05月10日,时间：01时35分27秒,海拔：1057米
,纬度：4047.719,经度：11141.696,日期：17年05月10日,时间：01时35分28秒,海拔：1057米
,纬度：4047.719,经度：11141.695,日期：17年05月10日,时间：01时35分29秒,海拔：1057米
,纬度：4047.719,经度：11141.695,日期：17年05月10日,时间：01时35分30秒,海拔：1057米
,纬度：4047.719,经度：11141.695,日期：17年05月10日,时间：01时35分31秒,海拔：1057米
,纬度：4047.719,经度：11141.695,日期：17年05月10日,时间：01时35分32秒,海拔：1057米
,纬度：4047.719,经度：11141.695,日期：17年05月10日,时间：01时35分33秒,海拔：1057米
,纬度：4047.719,经度：11141.695,日期：17年05月10日,时间：01时35分34秒,海拔：1057米
,纬度：4047.719,经度：11141.695,日期：17年05月10日,时间：01时35分35秒,海拔：1057米
,纬度：4047.719,经度：11141.695,日期：17年05月10日,时间：01时35分36秒,海拔：1057米
,纬度：4047.719,经度：11141.695,日期：17年05月10日,时间：01时35分37秒,海拔：1057米
,纬度：4047.719,经度：11141.695,日期：17年05月10日,时间：01时35分38秒,海拔：1057米
,纬度：4047.719,经度：11141.695,日期：17年05月10日,时间：01时35分39秒,海拔：1057米
,纬度：4047.719,经度：11141.695,日期：17年05月10日,时间：01时35分40秒,海拔：1057米
,纬度：4047.719,经度：11141.695,日期：17年05月10日,时间：01时35分41秒,海拔：1057米
,纬度：4047.719,经度：11141.695,日期：17年05月10日,时间：01时35分42秒,海拔：1057米
,纬度：4047.719,经度：11141.695,日期：17年05月10日,时间：01时35分43秒,海拔：1057米
,纬度：4047.719,经度：11141.695,日期：17年05月10日,时间：01时35分44秒,海拔：1057米
,纬度：4047.719,经度：11141.695,日期：17年05月10日,时间：01时35分45秒,海拔：1057米
,纬度：4047.719,经度：11141.695,日期：17年05月10日,时间：01时35分46秒,海拔：1057米
,纬度：4047.719,经度：11141.695,日期：17年05月10日,时间：01时35分47秒,海拔：1057米
,纬度：4047.719,经度：11141.695,日期：17年05月10日,时间：01时35分48秒,海拔：1057米
,纬度：4047.719,经度：11141.695,日期：17年05月10日,时间：01时35分49秒,海拔：1057米
,纬度：4047.719,经度：11141.695,日期：17年05月10日,时间：01时35分50秒,海拔：1057米
,纬度：4047.719,经度：11141.695,日期：17年05月10日,时间：01时35分51秒,海拔：1057米
,纬度：4047.719,经度：11141.695,日期：17年05月10日,时间：01时35分52秒,海拔：1057米
,纬度：4047.719,经度：11141.695,日期：17年05月10日,时间：01时35分53秒,海拔：1057米
,纬度：4047.719,经度：11141.695,日期：17年05月10日,时间：01时35分54秒,海拔：1057米
,纬度：4047.719,经度：11141.695,日期：17年05月10日,时间：01时35分55秒,海拔：1057米
,纬度：4047.719,经度：11141.695,日期：17年05月10日,时间：01时35分56秒,海拔：1057米
,纬度：4047.719,经度：11141.695,日期：17年05月10日,时间：01时35分57秒,海拔：1057米
,纬度：4047.719,经度：11141.695,日期：17年05月10日,时间：01时35分58秒,海拔：1057米
,纬度：4047.719,经度：11141.695,日期：17年05月10日,时间：01时35分59秒,海拔：1057米
,纬度：4047.719,经度：11141.695,日期：17年05月10日,时间：01时36分00秒,海拔：1057米
,纬度：4047.719,经度：11141.695,日期：17年05月10日,时间：01时36分01秒,海拔：1057米
,纬度：4047.719,经度：11141.695,日期：17年05月10日,时间：01时36分02秒,海拔：1057米
,纬度：4047.719,经度：11141.695,日期：17年05月10日,时间：01时36分03秒,海拔：1057米
,纬度：4047.719,经度：11141.695,日期：17年05月10日,时间：01时36分04秒,海拔：1057米
,纬度：4047.719,经度：11141.695,日期：17年05月10日,时间：01时36分05秒,海拔：1057米
,纬度：4047.719,经度：11141.695,日期：17年05月10日,时间：01时36分06秒,海拔：1057米
,纬度：4047.719,经度：11141.695,日期：17年05月10日,时间：01时36分07秒,海拔：1057米
,纬度：4047.719,经度：11141.695,日期：17年05月10日,时间：01时36分08秒,海拔：1057米
,纬度：4047.719,经度：11141.695,日期：17年05月10日,时间：01时36分09秒,海拔：1057米
,纬度：4047.719,经度：11141.695,日期：17年05月10日,时间：01时36分10秒,海拔：1057米
,纬度：4047.719,经度：11141.695,日期：17年05月10日,时间：01时36分11秒,海拔：1057米
,纬度：4047.719,经度：11141.695,日期：17年05月10日,时间：01时36分12秒,海拔：1057米
,纬度：4047.719,经度：11141.695,日期：17年05月10日,时间：01时36分13秒,海拔：1057米
,纬度：4047.719,经度：11141.695,日期：17年05月10日,时间：01时36分14秒,海拔：1057米
,纬度：4047.719,经度：11141.695,日期：17年05月10日,时间：01时36分15秒,海拔：1057米
,纬度：4047.719,经度：11141.695,日期：17年05月10日,时间：01时36分16秒,海拔：1057米
,纬度：4047.719,经度：11141.695,日期：17年05月10日,时间：01时36分17秒,海拔：1057米
,纬度：4047.719,经度：11141.695,日期：17年05月10日,时间：01时36分18秒,海拔：1057米
,纬度：4047.719,经度：11141.695,日期：17年05月10日,时间：01时36分19秒,海拔：1057米
,纬度：4047.719,经度：11141.695,日期：17年05月10日,时间：01时36分20秒,海拔：1057米
,纬度：4047.719,经度：11141.695,日期：17年05月10日,时间：01时36分21秒,海拔：1057米
,纬度：4047.719,经度：11141.695,日期：17年05月10日,时间：01时36分22秒,海拔：1057米
,纬度：4047.719,经度：11141.695,日期：17年05月10日,时间：01时36分23秒,海拔：1057米
,纬度：4047.719,经度：11141.695,日期：17年05月10日,时间：01时36分24秒,海拔：1057米
,纬度：4047.719,经度：11141.695,日期：17年05月10日,时间：01时36分25秒,海拔：1057米
,纬度：4047.719,经度：11141.695,日期：17年05月10日,时间：01时36分26秒,海拔：1057米
,纬度：4047.719,经度：11141.695,日期：17年05月10日,时间：01时36分27秒,海拔：1057米
,纬度：4047.719,经度：11141.695,日期：17年05月10日,时间：01时36分28秒,海拔：1057米
,纬度：4047.719,经度：11141.695,日期：17年05月10日,时间：01时36分29秒,海拔：1057米
,纬度：4047.719,经度：11141.695,日期：17年05月10日,时间：01时36分30秒,海拔：1057米
,纬度：4047.719,经度：11141.695,日期：17年05月10日,时间：01时36分31秒,海拔：1057米
,纬度：4047.719,经度：11141.695,日期：17年05月10日,时间：01时36分32秒,海拔：1057米
,纬度：4047.719,经度：11141.695,日期：17年05月10日,时间：01时36分33秒,海拔：1057米
,纬度：4047.719,经度：11141.695,日期：17年05月10日,时间：01时36分34秒,海拔：1057米
,纬度：4047.719,经度：11141.695,日期：17年05月10日,时间：01时36分35秒,海拔：1057米
,纬度：4047.719,经度：11141.695,日期：17年05月10日,时间：01时36分36秒,海拔：1057米
,纬度：4047.719,经度：11141.695,日期：17年05月10日,时间：01时36分37秒,海拔：1057米
,纬度：4047.719,经度：11141.695,日期：17年05月10日,时间：01时36分38秒,海拔：1057米
,纬度：4047.719,经度：11141.695,日期：17年05月10日,时间：01时36分39秒,海拔：1057米
,纬度：4047.719,经度：11141.695,日期：17年05月10日,时间：01时36分40秒,海拔：1057米
,纬度：4047.719,经度：11141.695,日期：17年05月10日,时间：01时36分41秒,海拔：1057米
,纬度：4047.719,经度：11141.695,日期：17年05月10日,时间：01时36分42秒,海拔：1057米
,纬度：4047.719,经度：11141.695,日期：17年05月10日,时间：01时36分43秒,海拔：1057米
,纬度：4047.719,经度：11141.695,日期：17年05月10日,时间：01时36分44秒,海拔：1057米
,纬度：4047.719,经度：11141.695,日期：17年05月10日,时间：01时36分45秒,海拔：1057米
,纬度：4047.719,经度：11141.695,日期：17年05月10日,时间：01时36分46秒,海拔：1057米
,纬度：4047.719,经度：11141.695,日期：17年05月10日,时间：01时36分47秒,海拔：1057米
,纬度：4047.719,经度：11141.695,日期：17年05月10日,时间：01时36分48秒,海拔：1057米
,纬度：4047.719,经度：11141.695,日期：17年05月10日,时间：01时36分49秒,海拔：1057米
,纬度：4047.719,经度：11141.695,日期：17年05月10日,时间：01时36分50秒,海拔：1057米
,纬度：4047.719,经度：11141.695,日期：17年05月10日,时间：01时36分51秒,海拔：1057米
,纬度：4047.719,经度：11141.695,日期：17年05月10日,时间：01时36分52秒,海拔：1057米
,纬度：4047.719,经度：11141.695,日期：17年05月10日,时间：01时36分53秒,海拔：1057米
,纬度：4047.719,经度：11141.695,日期：17年05月10日,时间：01时36分54秒,海拔：1057米
,纬度：4047.719,经度：11141.695,日期：17年05月10日,时间：01时36分55秒,海拔：1057米
,纬度：4047.719,经度：11141.695,日期：17年05月10日,时间：01时36分56秒,海拔：1057米
,纬度：4047.719,经度：11141.695,日期：17年05月10日,时间：01时36分57秒,海拔：1057米
,纬度：4047.719,经度：11141.695,日期：17年05月10日,时间：01时36分58秒,海拔：1057米
,纬度：4047.719,经度：11141.695,日期：17年05月10日,时间：01时36分59秒,海拔：1057米
,纬度：4047.719,经度：11141.695,日期：17年05月10日,时间：01时37分00秒,海拔：1057米
,纬度：4047.719,经度：11141.695,日期：17年05月10日,时间：01时37分01秒,海拔：1057米
,纬度：4047.719,经度：11141.695,日期：17年05月10日,时间：01时37分02秒,海拔：1057米
,纬度：4047.719,经度：11141.695,日期：17年05月10日,时间：01时37分03秒,海拔：1057米
,纬度：4047.719,经度：11141.695,日期：17年05月10日,时间：01时37分04秒,海拔：1057米
,纬度：4047.722,经度：11141.691,日期：17年05月10日,时间：01时37分05秒,海拔：1053米
,纬度：4047.724,经度：11141.690,日期：17年05月10日,时间：01时37分06秒,海拔：1053米
,纬度：4047.726,经度：11141.688,日期：17年05月10日,时间：01时37分07秒,海拔：1054米
,纬度：4047.730,经度：11141.687,日期：17年05月10日,时间：01时37分08秒,海拔：1054米
,纬度：4047.733,经度：11141.685,日期：17年05月10日,时间：01时37分09秒,海拔：1054米
,纬度：4047.737,经度：11141.682,日期：17年05月10日,时间：01时37分10秒,海拔：1054米
,纬度：4047.742,经度：11141.680,日期：17年05月10日,时间：01时37分11秒,海拔：1054米
,纬度：4047.746,经度：11141.678,日期：17年05月10日,时间：01时37分12秒,海拔：1054米
,纬度：4047.750,经度：11141.676,日期：17年05月10日,时间：01时37分13秒,海拔：1055米
,纬度：4047.755,经度：11141.673,日期：17年05月10日,时间：01时37分14秒,海拔：1055米
,纬度：4047.760,经度：11141.670,日期：17年05月10日,时间：01时37分15秒,海拔：1056米
,纬度：4047.765,经度：11141.668,日期：17年05月10日,时间：01时37分16秒,海拔：1056米
,纬度：4047.770,经度：11141.665,日期：17年05月10日,时间：01时37分17秒,海拔：1056米
,纬度：4047.776,经度：11141.663,日期：17年05月10日,时间：01时37分18秒,海拔：1056米
,纬度：4047.781,经度：11141.660,日期：17年05月10日,时间：01时37分19秒,海拔：1057米
,纬度：4047.787,经度：11141.658,日期：17年05月10日,时间：01时37分20秒,海拔：1057米
,纬度：4047.793,经度：11141.656,日期：17年05月10日,时间：01时37分21秒,海拔：1057米
,纬度：4047.800,经度：11141.653,日期：17年05月10日,时间：01时37分22秒,海拔：1058米
,纬度：4047.806,经度：11141.650,日期：17年05月10日,时间：01时37分23秒,海拔：1059米
,纬度：4047.813,经度：11141.648,日期：17年05月10日,时间：01时37分24秒,海拔：1059米
,纬度：4047.818,经度：11141.646,日期：17年05月10日,时间：01时37分25秒,海拔：1060米
,纬度：4047.823,经度：11141.645,日期：17年05月10日,时间：01时37分26秒,海拔：1060米
,纬度：4047.827,经度：11141.644,日期：17年05月10日,时间：01时37分27秒,海拔：1060米
,纬度：4047.830,经度：11141.642,日期：17年05月10日,时间：01时37分28秒,海拔：1060米
,纬度：4047.832,经度：11141.641,日期：17年05月10日,时间：01时37分29秒,海拔：1060米
,纬度：4047.834,经度：11141.640,日期：17年05月10日,时间：01时37分30秒,海拔：1060米
,纬度：4047.836,经度：11141.639,日期：17年05月10日,时间：01时37分31秒,海拔：1061米
,纬度：4047.838,经度：11141.638,日期：17年05月10日,时间：01时37分32秒,海拔：1061米
,纬度：4047.840,经度：11141.637,日期：17年05月10日,时间：01时37分33秒,海拔：1061米
,纬度：4047.844,经度：11141.635,日期：17年05月10日,时间：01时37分34秒,海拔：1061米
,纬度：4047.848,经度：11141.633,日期：17年05月10日,时间：01时37分35秒,海拔：1061米
,纬度：4047.853,经度：11141.630,日期：17年05月10日,时间：01时37分36秒,海拔：1061米
,纬度：4047.857,经度：11141.628,日期：17年05月10日,时间：01时37分37秒,海拔：1061米
,纬度：4047.862,经度：11141.626,日期：17年05月10日,时间：01时37分38秒,海拔：1061米
,纬度：4047.867,经度：11141.623,日期：17年05月10日,时间：01时37分39秒,海拔：1061米
,纬度：4047.873,经度：11141.621,日期：17年05月10日,时间：01时37分40秒,海拔：1062米
,纬度：4047.878,经度：11141.619,日期：17年05月10日,时间：01时37分41秒,海拔：1062米
,纬度：4047.883,经度：11141.617,日期：17年05月10日,时间：01时37分42秒,海拔：1062米
,纬度：4047.889,经度：11141.615,日期：17年05月10日,时间：01时37分43秒,海拔：1062米
,纬度：4047.894,经度：11141.612,日期：17年05月10日,时间：01时37分44秒,海拔：1062米
,纬度：4047.899,经度：11141.610,日期：17年05月10日,时间：01时37分45秒,海拔：1062米
,纬度：4047.904,经度：11141.607,日期：17年05月10日,时间：01时37分46秒,海拔：1062米
,纬度：4047.909,经度：11141.605,日期：17年05月10日,时间：01时37分47秒,海拔：1062米
,纬度：4047.914,经度：11141.603,日期：17年05月10日,时间：01时37分48秒,海拔：1062米
,纬度：4047.919,经度：11141.601,日期：17年05月10日,时间：01时37分49秒,海拔：1062米
,纬度：4047.923,经度：11141.599,日期：17年05月10日,时间：01时37分50秒,海拔：1063米
,纬度：4047.927,经度：11141.597,日期：17年05月10日,时间：01时37分51秒,海拔：1063米
,纬度：4047.930,经度：11141.594,日期：17年05月10日,时间：01时37分52秒,海拔：1064米
,纬度：4047.934,经度：11141.593,日期：17年05月10日,时间：01时37分53秒,海拔：1064米
,纬度：4047.937,经度：11141.591,日期：17年05月10日,时间：01时37分54秒,海拔：1064米
,纬度：4047.939,经度：11141.590,日期：17年05月10日,时间：01时37分55秒,海拔：1064米
,纬度：4047.942,经度：11141.589,日期：17年05月10日,时间：01时37分56秒,海拔：1063米
,纬度：4047.945,经度：11141.587,日期：17年05月10日,时间：01时37分57秒,海拔：1063米
,纬度：4047.947,经度：11141.587,日期：17年05月10日,时间：01时37分58秒,海拔：1063米
,纬度：4047.950,经度：11141.586,日期：17年05月10日,时间：01时37分59秒,海拔：1063米
,纬度：4047.952,经度：11141.586,日期：17年05月10日,时间：01时38分00秒,海拔：1062米
,纬度：4047.955,经度：11141.585,日期：17年05月10日,时间：01时38分01秒,海拔：1062米
,纬度：4047.957,经度：11141.584,日期：17年05月10日,时间：01时38分02秒,海拔：1062米
,纬度：4047.959,经度：11141.583,日期：17年05月10日,时间：01时38分03秒,海拔：1062米
,纬度：4047.961,经度：11141.582,日期：17年05月10日,时间：01时38分04秒,海拔：1062米
,纬度：4047.963,经度：11141.582,日期：17年05月10日,时间：01时38分05秒,海拔：1062米
,纬度：4047.964,经度：11141.581,日期：17年05月10日,时间：01时38分06秒,海拔：1062米
,纬度：4047.964,经度：11141.582,日期：17年05月10日,时间：01时38分07秒,海拔：1063米
,纬度：4047.965,经度：11141.581,日期：17年05月10日,时间：01时38分08秒,海拔：1063米
,纬度：4047.965,经度：11141.581,日期：17年05月10日,时间：01时38分09秒,海拔：1063米
,纬度：4047.966,经度：11141.580,日期：17年05月10日,时间：01时38分10秒,海拔：1064米
,纬度：4047.966,经度：11141.580,日期：17年05月10日,时间：01时38分11秒,海拔：1064米
,纬度：4047.966,经度：11141.580,日期：17年05月10日,时间：01时38分12秒,海拔：1064米
,纬度：4047.966,经度：11141.580,日期：17年05月10日,时间：01时38分13秒,海拔：1064米
,纬度：4047.966,经度：11141.580,日期：17年05月10日,时间：01时38分14秒,海拔：1064米
,纬度：4047.966,经度：11141.580,日期：17年05月10日,时间：01时38分15秒,海拔：1064米
,纬度：4047.966,经度：11141.580,日期：17年05月10日,时间：01时38分16秒,海拔：1064米
,纬度：4047.966,经度：11141.580,日期：17年05月10日,时间：01时38分17秒,海拔：1064米
,纬度：4047.966,经度：11141.580,日期：17年05月10日,时间：01时38分18秒,海拔：1064米
,纬度：4047.967,经度：11141.580,日期：17年05月10日,时间：01时38分19秒,海拔：1064米
,纬度：4047.967,经度：11141.579,日期：17年05月10日,时间：01时38分20秒,海拔：1064米
,纬度：4047.969,经度：11141.579,日期：17年05月10日,时间：01时38分21秒,海拔：1064米
,纬度：4047.970,经度：11141.579,日期：17年05月10日,时间：01时38分22秒,海拔：1064米
,纬度：4047.970,经度：11141.578,日期：17年05月10日,时间：01时38分23秒,海拔：1064米
,纬度：4047.970,经度：11141.578,日期：17年05月10日,时间：01时38分24秒,海拔：1064米
,纬度：4047.971,经度：11141.578,日期：17年05月10日,时间：01时38分25秒,海拔：1064米
,纬度：4047.971,经度：11141.578,日期：17年05月10日,时间：01时38分26秒,海拔：1064米
,纬度：4047.971,经度：11141.578,日期：17年05月10日,时间：01时38分27秒,海拔：1064米
,纬度：4047.971,经度：11141.578,日期：17年05月10日,时间：01时38分28秒,海拔：1064米
,纬度：4047.971,经度：11141.578,日期：17年05月10日,时间：01时38分29秒,海拔：1064米
,纬度：4047.971,经度：11141.578,日期：17年05月10日,时间：01时38分30秒,海拔：1064米
,纬度：4047.971,经度：11141.578,日期：17年05月10日,时间：01时38分31秒,海拔：1064米
,纬度：4047.971,经度：11141.578,日期：17年05月10日,时间：01时38分32秒,海拔：1064米
,纬度：4047.971,经度：11141.578,日期：17年05月10日,时间：01时38分33秒,海拔：1064米
,纬度：4047.971,经度：11141.578,日期：17年05月10日,时间：01时38分34秒,海拔：1064米
,纬度：4047.971,经度：11141.578,日期：17年05月10日,时间：01时38分35秒,海拔：1064米
,纬度：4047.971,经度：11141.578,日期：17年05月10日,时间：01时38分36秒,海拔：1064米
,纬度：4047.972,经度：11141.578,日期：17年05月10日,时间：01时38分37秒,海拔：1064米
,纬度：4047.972,经度：11141.578,日期：17年05月10日,时间：01时38分38秒,海拔：1064米
,纬度：4047.973,经度：11141.578,日期：17年05月10日,时间：01时38分39秒,海拔：1064米
,纬度：4047.973,经度：11141.577,日期：17年05月10日,时间：01时38分40秒,海拔：1064米
,纬度：4047.974,经度：11141.577,日期：17年05月10日,时间：01时38分41秒,海拔：1064米
,纬度：4047.974,经度：11141.577,日期：17年05月10日,时间：01时38分42秒,海拔：1064米
,纬度：4047.975,经度：11141.577,日期：17年05月10日,时间：01时38分43秒,海拔：1064米
,纬度：4047.975,经度：11141.577,日期：17年05月10日,时间：01时38分44秒,海拔：1064米
,纬度：4047.975,经度：11141.577,日期：17年05月10日,时间：01时38分45秒,海拔：1064米
,纬度：4047.975,经度：11141.577,日期：17年05月10日,时间：01时38分46秒,海拔：1063米
,纬度：4047.975,经度：11141.577,日期：17年05月10日,时间：01时38分47秒,海拔：1063米
,纬度：4047.976,经度：11141.577,日期：17年05月10日,时间：01时38分48秒,海拔：1063米
,纬度：4047.976,经度：11141.577,日期：17年05月10日,时间：01时38分49秒,海拔：1063米
,纬度：4047.976,经度：11141.577,日期：17年05月10日,时间：01时38分50秒,海拔：1063米
,纬度：4047.976,经度：11141.577,日期：17年05月10日,时间：01时38分51秒,海拔：1063米
,纬度：4047.976,经度：11141.577,日期：17年05月10日,时间：01时38分52秒,海拔：1063米
,纬度：4047.976,经度：11141.577,日期：17年05月10日,时间：01时38分53秒,海拔：1063米
,纬度：4047.976,经度：11141.577,日期：17年05月10日,时间：01时38分54秒,海拔：1063米
,纬度：4047.976,经度：11141.577,日期：17年05月10日,时间：01时38分55秒,海拔：1063米
,纬度：4047.976,经度：11141.577,日期：17年05月10日,时间：01时38分56秒,海拔：1063米
,纬度：4047.976,经度：11141.577,日期：17年05月10日,时间：01时38分57秒,海拔：1063米
,纬度：4047.976,经度：11141.577,日期：17年05月10日,时间：01时38分58秒,海拔：1063米
,纬度：4047.976,经度：11141.577,日期：17年05月10日,时间：01时38分59秒,海拔：1063米
,纬度：4047.976,经度：11141.577,日期：17年05月10日,时间：01时39分00秒,海拔：1063米
,纬度：4047.976,经度：11141.577,日期：17年05月10日,时间：01时39分01秒,海拔：1063米
,纬度：4047.976,经度：11141.577,日期：17年05月10日,时间：01时39分02秒,海拔：1063米
,纬度：4047.976,经度：11141.577,日期：17年05月10日,时间：01时39分03秒,海拔：1063米
,纬度：4047.976,经度：11141.577,日期：17年05月10日,时间：01时39分04秒,海拔：1063米
,纬度：4047.976,经度：11141.577,日期：17年05月10日,时间：01时39分05秒,海拔：1063米
,纬度：4047.976,经度：11141.577,日期：17年05月10日,时间：01时39分06秒,海拔：1063米
,纬度：4047.976,经度：11141.577,日期：17年05月10日,时间：01时39分07秒,海拔：1063米
,纬度：4047.976,经度：11141.577,日期：17年05月10日,时间：01时39分08秒,海拔：1063米
,纬度：4047.976,经度：11141.577,日期：17年05月10日,时间：01时39分09秒,海拔：1063米
,纬度：4047.976,经度：11141.577,日期：17年05月10日,时间：01时39分10秒,海拔：1063米
,纬度：4047.976,经度：11141.577,日期：17年05月10日,时间：01时39分11秒,海拔：1063米
,纬度：4047.976,经度：11141.577,日期：17年05月10日,时间：01时39分12秒,海拔：1063米
,纬度：4047.977,经度：11141.576,日期：17年05月10日,时间：01时39分13秒,海拔：1063米
,纬度：4047.978,经度：11141.575,日期：17年05月10日,时间：01时39分14秒,海拔：1063米
,纬度：4047.981,经度：11141.574,日期：17年05月10日,时间：01时39分15秒,海拔：1063米
,纬度：4047.983,经度：11141.573,日期：17年05月10日,时间：01时39分16秒,海拔：1063米
,纬度：4047.986,经度：11141.572,日期：17年05月10日,时间：01时39分17秒,海拔：1063米
,纬度：4047.990,经度：11141.570,日期：17年05月10日,时间：01时39分18秒,海拔：1063米
,纬度：4047.993,经度：11141.569,日期：17年05月10日,时间：01时39分19秒,海拔：1063米
,纬度：4047.996,经度：11141.567,日期：17年05月10日,时间：01时39分20秒,海拔：1063米
,纬度：4047.998,经度：11141.566,日期：17年05月10日,时间：01时39分21秒,海拔：1063米
,纬度：4048.000,经度：11141.565,日期：17年05月10日,时间：01时39分22秒,海拔：1064米
,纬度：4048.002,经度：11141.564,日期：17年05月10日,时间：01时39分23秒,海拔：1064米
,纬度：4048.005,经度：11141.562,日期：17年05月10日,时间：01时39分24秒,海拔：1065米
,纬度：4048.007,经度：11141.560,日期：17年05月10日,时间：01时39分25秒,海拔：1066米
,纬度：4048.010,经度：11141.559,日期：17年05月10日,时间：01时39分26秒,海拔：1066米
,纬度：4048.013,经度：11141.557,日期：17年05月10日,时间：01时39分27秒,海拔：1067米
,纬度：4048.016,经度：11141.555,日期：17年05月10日,时间：01时39分28秒,海拔：1067米
,纬度：4048.020,经度：11141.554,日期：17年05月10日,时间：01时39分29秒,海拔：1068米
,纬度：4048.024,经度：11141.552,日期：17年05月10日,时间：01时39分30秒,海拔：1069米
,纬度：4048.028,经度：11141.550,日期：17年05月10日,时间：01时39分31秒,海拔：1069米
,纬度：4048.028,经度：11141.550,日期：17年05月10日,时间：01时39分31秒,海拔：1069米
,纬度：4048.031,经度：11141.549,日期：17年05月10日,时间：01时39分32秒,海拔：1069米
,纬度：4048.034,经度：11141.547,日期：17年05月10日,时间：01时39分33秒,海拔：1069米
,纬度：4048.037,经度：11141.546,日期：17年05月10日,时间：01时39分34秒,海拔：1069米
,纬度：4048.039,经度：11141.545,日期：17年05月10日,时间：01时39分35秒,海拔：1068米
,纬度：4048.042,经度：11141.544,日期：17年05月10日,时间：01时39分36秒,海拔：1069米
,纬度：4048.045,经度：11141.543,日期：17年05月10日,时间：01时39分37秒,海拔：1069米
,纬度：4048.047,经度：11141.541,日期：17年05月10日,时间：01时39分38秒,海拔：1068米
,纬度：4048.051,经度：11141.540,日期：17年05月10日,时间：01时39分39秒,海拔：1068米
,纬度：4048.054,经度：11141.538,日期：17年05月10日,时间：01时39分40秒,海拔：1067米
,纬度：4048.058,经度：11141.535,日期：17年05月10日,时间：01时39分41秒,海拔：1067米
,纬度：4048.063,经度：11141.533,日期：17年05月10日,时间：01时39分42秒,海拔：1067米
,纬度：4048.072,经度：11141.529,日期：17年05月10日,时间：01时39分44秒,海拔：1067米
,纬度：4048.076,经度：11141.527,日期：17年05月10日,时间：01时39分45秒,海拔：1067米
,纬度：4048.081,经度：11141.526,日期：17年05月10日,时间：01时39分46秒,海拔：1068米
,纬度：4048.081,经度：11141.526,日期：17年05月10日,时间：01时39分46秒,海拔：1068米
,纬度：4048.092,经度：11141.523,日期：17年05月10日,时间：01时39分48秒,海拔：1068米
,纬度：4048.092,经度：11141.523,日期：17年05月10日,时间：01时39分48秒,海拔：1069米
,纬度：4048.103,经度：11141.519,日期：17年05月10日,时间：01时39分50秒,海拔：1069米
,纬度：4048.103,经度：11141.519,日期：17年05月10日,时间：01时39分50秒,海拔：1070米
,纬度：4048.108,经度：11141.516,日期：17年05月10日,时间：01时39分51秒,海拔：1070米
,纬度：4048.113,经度：11141.513,日期：17年05月10日,时间：01时39分52秒,海拔：1070米
,纬度：4048.119,经度：11141.510,日期：17年05月10日,时间：01时39分53秒,海拔：1070米
,纬度：4048.131,经度：11141.505,日期：17年05月10日,时间：01时39分55秒,海拔：1070米
,纬度：4048.131,经度：11141.505,日期：17年05月10日,时间：01时39分55秒,海拔：1069米
,纬度：4048.137,经度：11141.502,日期：17年05月10日,时间：01时39分56秒,海拔：1069米
,纬度：4048.142,经度：11141.499,日期：17年05月10日,时间：01时39分57秒,海拔：1070米
,纬度：4048.148,经度：11141.496,日期：17年05月10日,时间：01时39分58秒,海拔：1070米
,纬度：4048.153,经度：11141.494,日期：17年05月10日,时间：01时39分59秒,海拔：1070米
,纬度：4048.158,经度：11141.492,日期：17年05月10日,时间：01时40分00秒,海拔：1070米
,纬度：4048.168,经度：11141.488,日期：17年05月10日,时间：01时40分02秒,海拔：1070米
,纬度：4048.168,经度：11141.488,日期：17年05月10日,时间：01时40分02秒,海拔：1069米
,纬度：4048.178,经度：11141.483,日期：17年05月10日,时间：01时40分04秒,海拔：1069米
,纬度：4048.178,经度：11141.483,日期：17年05月10日,时间：01时40分04秒,海拔：1070米
,纬度：4048.183,经度：11141.481,日期：17年05月10日,时间：01时40分05秒,海拔：1069米
,纬度：4048.189,经度：11141.478,日期：17年05月10日,时间：01时40分06秒,海拔：1069米
,纬度：4048.193,经度：11141.476,日期：17年05月10日,时间：01时40分07秒,海拔：1069米
,纬度：4048.198,经度：11141.473,日期：17年05月10日,时间：01时40分08秒,海拔：1069米
,纬度：4048.203,经度：11141.471,日期：17年05月10日,时间：01时40分09秒,海拔：1070米
,纬度：4048.207,经度：11141.469,日期：17年05月10日,时间：01时40分10秒,海拔：1070米
,纬度：4048.212,经度：11141.466,日期：17年05月10日,时间：01时40分11秒,海拔：1070米
,纬度：4048.216,经度：11141.464,日期：17年05月10日,时间：01时40分12秒,海拔：1070米
,纬度：4048.221,经度：11141.462,日期：17年05月10日,时间：01时40分13秒,海拔：1070米
,纬度：4048.225,经度：11141.460,日期：17年05月10日,时间：01时40分14秒,海拔：1070米
,纬度：4048.235,经度：11141.455,日期：17年05月10日,时间：01时40分16秒,海拔：1071米
,纬度：4048.235,经度：11141.455,日期：17年05月10日,时间：01时40分16秒,海拔：1070米
,纬度：4048.240,经度：11141.452,日期：17年05月10日,时间：01时40分17秒,海拔：1071米
,纬度：4048.250,经度：11141.447,日期：17年05月10日,时间：01时40分19秒,海拔：1071米
,纬度：4048.250,经度：11141.447,日期：17年05月10日,时间：01时40分19秒,海拔：1071米
,纬度：4048.255,经度：11141.445,日期：17年05月10日,时间：01时40分20秒,海拔：1071米
,纬度：4048.262,经度：11141.441,日期：17年05月10日,时间：01时40分22秒,海拔：1071米
,纬度：4048.262,经度：11141.441,日期：17年05月10日,时间：01时40分22秒,海拔：1071米
,纬度：4048.265,经度：11141.439,日期：17年05月10日,时间：01时40分23秒,海拔：1071米
,纬度：4048.268,经度：11141.438,日期：17年05月10日,时间：01时40分24秒,海拔：1071米
,纬度：4048.270,经度：11141.438,日期：17年05月10日,时间：01时40分25秒,海拔：1071米
,纬度：4048.272,经度：11141.438,日期：17年05月10日,时间：01时40分26秒,海拔：1070米
,纬度：4048.273,经度：11141.438,日期：17年05月10日,时间：01时40分28秒,海拔：1070米
,纬度：4048.273,经度：11141.438,日期：17年05月10日,时间：01时40分29秒,海拔：1070米
,纬度：4048.273,经度：11141.438,日期：17年05月10日,时间：01时40分29秒,海拔：1070米
,纬度：4048.273,经度：11141.438,日期：17年05月10日,时间：01时40分30秒,海拔：1070米
,纬度：4048.273,经度：11141.437,日期：17年05月10日,时间：01时40分31秒,海拔：1070米
,纬度：4048.273,经度：11141.437,日期：17年05月10日,时间：01时40分32秒,海拔：1070米
,纬度：4048.273,经度：11141.437,日期：17年05月10日,时间：01时40分34秒,海拔：1070米
,纬度：4048.273,经度：11141.437,日期：17年05月10日,时间：01时40分34秒,海拔：1070米
,纬度：4048.273,经度：11141.437,日期：17年05月10日,时间：01时40分35秒,海拔：1070米
,纬度：4048.273,经度：11141.437,日期：17年05月10日,时间：01时40分36秒,海拔：1070米
,纬度：4048.273,经度：11141.436,日期：17年05月10日,时间：01时40分37秒,海拔：1070米
,纬度：4048.273,经度：11141.436,日期：17年05月10日,时间：01时40分38秒,海拔：1070米
,纬度：4048.273,经度：11141.436,日期：17年05月10日,时间：01时40分39秒,海拔：1070米
,纬度：4048.273,经度：11141.436,日期：17年05月10日,时间：01时40分40秒,海拔：1070米
,纬度：4048.273,经度：11141.436,日期：17年05月10日,时间：01时40分41秒,海拔：1070米
,纬度：4048.273,经度：11141.435,日期：17年05月10日,时间：01时40分42秒,海拔：1070米
,纬度：4048.272,经度：11141.434,日期：17年05月10日,时间：01时40分43秒,海拔：1069米
,纬度：4048.270,经度：11141.433,日期：17年05月10日,时间：01时40分44秒,海拔：1069米
,纬度：4048.268,经度：11141.434,日期：17年05月10日,时间：01时40分45秒,海拔：1068米
,纬度：4048.266,经度：11141.436,日期：17年05月10日,时间：01时40分46秒,海拔：1068米
,纬度：4048.263,经度：11141.437,日期：17年05月10日,时间：01时40分47秒,海拔：1067米
,纬度：4048.260,经度：11141.439,日期：17年05月10日,时间：01时40分48秒,海拔：1066米
,纬度：4048.257,经度：11141.440,日期：17年05月10日,时间：01时40分49秒,海拔：1065米
,纬度：4048.254,经度：11141.442,日期：17年05月10日,时间：01时40分50秒,海拔：1065米
,纬度：4048.250,经度：11141.444,日期：17年05月10日,时间：01时40分51秒,海拔：1064米
,纬度：4048.247,经度：11141.445,日期：17年05月10日,时间：01时40分52秒,海拔：1064米
,纬度：4048.243,经度：11141.447,日期：17年05月10日,时间：01时40分53秒,海拔：1063米
,纬度：4048.240,经度：11141.448,日期：17年05月10日,时间：01时40分54秒,海拔：1062米
,纬度：4048.236,经度：11141.450,日期：17年05月10日,时间：01时40分55秒,海拔：1062米
,纬度：4048.232,经度：11141.451,日期：17年05月10日,时间：01时40分56秒,海拔：1061米
,纬度：4048.229,经度：11141.452,日期：17年05月10日,时间：01时40分57秒,海拔：1060米
,纬度：4048.226,经度：11141.453,日期：17年05月10日,时间：01时40分58秒,海拔：1060米
,纬度：4048.223,经度：11141.454,日期：17年05月10日,时间：01时40分59秒,海拔：1059米
,纬度：4048.220,经度：11141.454,日期：17年05月10日,时间：01时41分00秒,海拔：1058米
,纬度：4048.219,经度：11141.454,日期：17年05月10日,时间：01时41分01秒,海拔：1058米
,纬度：4048.218,经度：11141.454,日期：17年05月10日,时间：01时41分02秒,海拔：1058米
,纬度：4048.217,经度：11141.454,日期：17年05月10日,时间：01时41分03秒,海拔：1057米
,纬度：4048.216,经度：11141.453,日期：17年05月10日,时间：01时41分04秒,海拔：1057米
,纬度：4048.215,经度：11141.452,日期：17年05月10日,时间：01时41分05秒,海拔：1056米
,纬度：4048.214,经度：11141.451,日期：17年05月10日,时间：01时41分06秒,海拔：1056米
,纬度：4048.214,经度：11141.450,日期：17年05月10日,时间：01时41分07秒,海拔：1055米
,纬度：4048.213,经度：11141.449,日期：17年05月10日,时间：01时41分08秒,海拔：1055米
,纬度：4048.213,经度：11141.447,日期：17年05月10日,时间：01时41分09秒,海拔：1055米
,纬度：4048.212,经度：11141.445,日期：17年05月10日,时间：01时41分10秒,海拔：1054米
,纬度：4048.212,经度：11141.444,日期：17年05月10日,时间：01时41分11秒,海拔：1054米
,纬度：4048.211,经度：11141.442,日期：17年05月10日,时间：01时41分12秒,海拔：1054米
,纬度：4048.211,经度：11141.442,日期：17年05月10日,时间：01时41分13秒,海拔：1053米
,纬度：4048.211,经度：11141.441,日期：17年05月10日,时间：01时41分15秒,海拔：1054米
,纬度：4048.211,经度：11141.441,日期：17年05月10日,时间：01时41分15秒,海拔：1054米
,纬度：4048.211,经度：11141.441,日期：17年05月10日,时间：01时41分16秒,海拔：1054米
,纬度：4048.211,经度：11141.441,日期：17年05月10日,时间：01时41分17秒,海拔：1054米
,纬度：4048.211,经度：11141.441,日期：17年05月10日,时间：01时41分18秒,海拔：1054米
,纬度：4048.211,经度：11141.441,日期：17年05月10日,时间：01时41分19秒,海拔：1054米
,纬度：4048.210,经度：11141.440,日期：17年05月10日,时间：01时41分20秒,海拔：1054米
,纬度：4048.211,经度：11141.438,日期：17年05月10日,时间：01时41分21秒,海拔：1054米
,纬度：4048.212,经度：11141.430,日期：17年05月10日,时间：01时41分23秒,海拔：1053米
,纬度：4048.212,经度：11141.425,日期：17年05月10日,时间：01时41分24秒,海拔：1053米
,纬度：4048.212,经度：11141.425,日期：17年05月10日,时间：01时41分24秒,海拔：1053米
,纬度：4048.212,经度：11141.421,日期：17年05月10日,时间：01时41分25秒,海拔：1053米
,纬度：4048.211,经度：11141.417,日期：17年05月10日,时间：01时41分26秒,海拔：1053米
,纬度：4048.210,经度：11141.414,日期：17年05月10日,时间：01时41分27秒,海拔：1052米
,纬度：4048.208,经度：11141.412,日期：17年05月10日,时间：01时41分28秒,海拔：1052米
,纬度：4048.207,经度：11141.410,日期：17年05月10日,时间：01时41分29秒,海拔：1052米
,纬度：4048.205,经度：11141.409,日期：17年05月10日,时间：01时41分30秒,海拔：1053米
,纬度：4048.203,经度：11141.408,日期：17年05月10日,时间：01时41分31秒,海拔：1053米
,纬度：4048.201,经度：11141.409,日期：17年05月10日,时间：01时41分32秒,海拔：1052米
,纬度：4048.199,经度：11141.409,日期：17年05月10日,时间：01时41分33秒,海拔：1052米
,纬度：4048.197,经度：11141.410,日期：17年05月10日,时间：01时41分34秒,海拔：1052米
,纬度：4048.195,经度：11141.411,日期：17年05月10日,时间：01时41分35秒,海拔：1051米
,纬度：4048.192,经度：11141.412,日期：17年05月10日,时间：01时41分36秒,海拔：1051米
,纬度：4048.189,经度：11141.413,日期：17年05月10日,时间：01时41分37秒,海拔：1051米
,纬度：4048.186,经度：11141.414,日期：17年05月10日,时间：01时41分38秒,海拔：1051米
,纬度：4048.180,经度：11141.417,日期：17年05月10日,时间：01时41分40秒,海拔：1051米
,纬度：4048.180,经度：11141.417,日期：17年05月10日,时间：01时41分40秒,海拔：1050米
,纬度：4048.177,经度：11141.418,日期：17年05月10日,时间：01时41分41秒,海拔：1050米
,纬度：4048.173,经度：11141.420,日期：17年05月10日,时间：01时41分42秒,海拔：1049米
,纬度：4048.166,经度：11141.423,日期：17年05月10日,时间：01时41分44秒,海拔：1049米
,纬度：4048.166,经度：11141.423,日期：17年05月10日,时间：01时41分44秒,海拔：1049米
,纬度：4048.163,经度：11141.425,日期：17年05月10日,时间：01时41分45秒,海拔：1048米
,纬度：4048.156,经度：11141.427,日期：17年05月10日,时间：01时41分47秒,海拔：1048米
,纬度：4048.152,经度：11141.429,日期：17年05月10日,时间：01时41分48秒,海拔：1047米
,纬度：4048.152,经度：11141.429,日期：17年05月10日,时间：01时41分48秒,海拔：1047米
,纬度：4048.149,经度：11141.430,日期：17年05月10日,时间：01时41分49秒,海拔：1046米
,纬度：4048.145,经度：11141.432,日期：17年05月10日,时间：01时41分50秒,海拔：1046米
,纬度：4048.142,经度：11141.433,日期：17年05月10日,时间：01时41分51秒,海拔：1046米
,纬度：4048.138,经度：11141.435,日期：17年05月10日,时间：01时41分52秒,海拔：1046米
,纬度：4048.134,经度：11141.437,日期：17年05月10日,时间：01时41分53秒,海拔：1045米
,纬度：4048.130,经度：11141.438,日期：17年05月10日,时间：01时41分54秒,海拔：1045米
,纬度：4048.126,经度：11141.440,日期：17年05月10日,时间：01时41分55秒,海拔：1045米
,纬度：4048.123,经度：11141.442,日期：17年05月10日,时间：01时41分56秒,海拔：1045米
,纬度：4048.120,经度：11141.443,日期：17年05月10日,时间：01时41分57秒,海拔：1044米
,纬度：4048.117,经度：11141.444,日期：17年05月10日,时间：01时41分58秒,海拔：1044米
,纬度：4048.114,经度：11141.446,日期：17年05月10日,时间：01时41分59秒,海拔：1044米
,纬度：4048.111,经度：11141.447,日期：17年05月10日,时间：01时42分00秒,海拔：1043米
,纬度：4048.108,经度：11141.448,日期：17年05月10日,时间：01时42分01秒,海拔：1043米
,纬度：4048.105,经度：11141.450,日期：17年05月10日,时间：01时42分02秒,海拔：1043米
,纬度：4048.102,经度：11141.451,日期：17年05月10日,时间：01时42分03秒,海拔：1042米
,纬度：4048.098,经度：11141.452,日期：17年05月10日,时间：01时42分04秒,海拔：1042米
,纬度：4048.096,经度：11141.453,日期：17年05月10日,时间：01时42分05秒,海拔：1042米
,纬度：4048.093,经度：11141.453,日期：17年05月10日,时间：01时42分06秒,海拔：1042米
,纬度：4048.091,经度：11141.452,日期：17年05月10日,时间：01时42分07秒,海拔：1041米
,纬度：4048.088,经度：11141.451,日期：17年05月10日,时间：01时42分08秒,海拔：1041米
,纬度：4048.087,经度：11141.449,日期：17年05月10日,时间：01时42分09秒,海拔：1041米
,纬度：4048.086,经度：11141.446,日期：17年05月10日,时间：01时42分10秒,海拔：1041米
,纬度：4048.085,经度：11141.443,日期：17年05月10日,时间：01时42分11秒,海拔：1042米
,纬度：4048.083,经度：11141.436,日期：17年05月10日,时间：01时42分13秒,海拔：1042米
,纬度：4048.082,经度：11141.433,日期：17年05月10日,时间：01时42分14秒,海拔：1042米
,纬度：4048.082,经度：11141.433,日期：17年05月10日,时间：01时42分14秒,海拔：1041米
,纬度：4048.081,经度：11141.431,日期：17年05月10日,时间：01时42分15秒,海拔：1041米
,纬度：4048.081,经度：11141.428,日期：17年05月10日,时间：01时42分16秒,海拔：1041米
,纬度：4048.079,经度：11141.423,日期：17年05月10日,时间：01时42分18秒,海拔：1041米
,纬度：4048.079,经度：11141.423,日期：17年05月10日,时间：01时42分18秒,海拔：1041米
,纬度：4048.078,经度：11141.419,日期：17年05月10日,时间：01时42分20秒,海拔：1041米
,纬度：4048.078,经度：11141.419,日期：17年05月10日,时间：01时42分20秒,海拔：1042米
,纬度：4048.077,经度：11141.417,日期：17年05月10日,时间：01时42分21秒,海拔：1042米
,纬度：4048.076,经度：11141.414,日期：17年05月10日,时间：01时42分23秒,海拔：1042米
,纬度：4048.076,经度：11141.414,日期：17年05月10日,时间：01时42分23秒,海拔：1042米
,纬度：4048.076,经度：11141.413,日期：17年05月10日,时间：01时42分24秒,海拔：1042米
,纬度：4048.075,经度：11141.411,日期：17年05月10日,时间：01时42分26秒,海拔：1042米
,纬度：4048.075,经度：11141.411,日期：17年05月10日,时间：01时42分26秒,海拔：1043米
,纬度：4048.075,经度：11141.408,日期：17年05月10日,时间：01时42分28秒,海拔：1043米
,纬度：4048.075,经度：11141.408,日期：17年05月10日,时间：01时42分28秒,海拔：1044米
,纬度：4048.074,经度：11141.404,日期：17年05月10日,时间：01时42分30秒,海拔：1044米
,纬度：4048.074,经度：11141.402,日期：17年05月10日,时间：01时42分31秒,海拔：1044米
,纬度：4048.075,经度：11141.401,日期：17年05月10日,时间：01时42分32秒,海拔：1045米
,纬度：4048.075,经度：11141.401,日期：17年05月10日,时间：01时42分32秒,海拔：1045米
,纬度：4048.076,经度：11141.400,日期：17年05月10日,时间：01时42分33秒,海拔：1046米
,纬度：4048.078,经度：11141.400,日期：17年05月10日,时间：01时42分35秒,海拔：1046米
,纬度：4048.078,经度：11141.400,日期：17年05月10日,时间：01时42分35秒,海拔：1047米
,纬度：4048.079,经度：11141.401,日期：17年05月10日,时间：01时42分37秒,海拔：1047米
,纬度：4048.079,经度：11141.401,日期：17年05月10日,时间：01时42分37秒,海拔：1047米
,纬度：4048.080,经度：11141.402,日期：17年05月10日,时间：01时42分39秒,海拔：1048米
,纬度：4048.080,经度：11141.402,日期：17年05月10日,时间：01时42分39秒,海拔：1048米
,纬度：4048.080,经度：11141.403,日期：17年05月10日,时间：01时42分40秒,海拔：1048米
,纬度：4048.080,经度：11141.403,日期：17年05月10日,时间：01时42分41秒,海拔：1049米
,纬度：4048.080,经度：11141.404,日期：17年05月10日,时间：01时42分42秒,海拔：1049米
,纬度：4048.080,经度：11141.405,日期：17年05月10日,时间：01时42分44秒,海拔：1049米
,纬度：4048.080,经度：11141.405,日期：17年05月10日,时间：01时42分44秒,海拔：1049米
,纬度：4048.081,经度：11141.405,日期：17年05月10日,时间：01时42分45秒,海拔：1049米
,纬度：4048.081,经度：11141.407,日期：17年05月10日,时间：01时42分47秒,海拔：1049米
,纬度：4048.081,经度：11141.407,日期：17年05月10日,时间：01时42分47秒,海拔：1049米
,纬度：4048.081,经度：11141.407,日期：17年05月10日,时间：01时42分49秒,海拔：1050米
,纬度：4048.081,经度：11141.407,日期：17年05月10日,时间：01时42分50秒,海拔：1050米
,纬度：4048.081,经度：11141.407,日期：17年05月10日,时间：01时42分50秒,海拔：1050米
,纬度：4048.081,经度：11141.408,日期：17年05月10日,时间：01时42分52秒,海拔：1050米
,纬度：4048.081,经度：11141.408,日期：17年05月10日,时间：01时42分53秒,海拔：1050米
,纬度：4048.081,经度：11141.408,日期：17年05月10日,时间：01时42分53秒,海拔：1050米
,纬度：4048.081,经度：11141.408,日期：17年05月10日,时间：01时42分55秒,海拔：1050米
,纬度：4048.081,经度：11141.408,日期：17年05月10日,时间：01时42分56秒,海拔：1050米
,纬度：4048.081,经度：11141.408,日期：17年05月10日,时间：01时42分56秒,海拔：1050米
,纬度：4048.081,经度：11141.408,日期：17年05月10日,时间：01时42分58秒,海拔：1050米
,纬度：4048.081,经度：11141.408,日期：17年05月10日,时间：01时42分58秒,海拔：1050米
,纬度：4048.081,经度：11141.408,日期：17年05月10日,时间：01时43分00秒,海拔：1050米
,纬度：4048.081,经度：11141.408,日期：17年05月10日,时间：01时43分00秒,海拔：1050米
,纬度：4048.081,经度：11141.408,日期：17年05月10日,时间：01时43分02秒,海拔：1050米
,纬度：4048.081,经度：11141.408,日期：17年05月10日,时间：01时43分03秒,海拔：1050米
,纬度：4048.081,经度：11141.408,日期：17年05月10日,时间：01时43分03秒,海拔：1050米
,纬度：4048.081,经度：11141.408,日期：17年05月10日,时间：01时43分05秒,海拔：1050米
,纬度：4048.081,经度：11141.408,日期：17年05月10日,时间：01时43分05秒,海拔：1050米
,纬度：4048.081,经度：11141.408,日期：17年05月10日,时间：01时43分06秒,海拔：1050米
,纬度：4048.081,经度：11141.408,日期：17年05月10日,时间：01时43分07秒,海拔：1050米
,纬度：4048.081,经度：11141.408,日期：17年05月10日,时间：01时43分09秒,海拔：1050米
,纬度：4048.081,经度：11141.408,日期：17年05月10日,时间：01时43分10秒,海拔：1050米
,纬度：4048.081,经度：11141.408,日期：17年05月10日,时间：01时43分10秒,海拔：1050米
,